name,email,phone,location
John Doe,johndoe@example.com,555-1234,New York
Jane Smith,janesmith@example.com,555-5678,Los Angeles
Alice Johnson,alicejohnson@example.com,555-9012,Chicago
Michael Brown,michaelbrown@example.com,555-3456,Miami
Sarah Wilson,sarahwilson@example.com,555-7890,San Francisco
David Lee,davidlee@example.com,555-2345,Seattle
Emily Davis,emilydavis@example.com,555-6789,Boston
Robert Clark,robertclark@example.com,555-0123,Dallas
Laura Martinez,lauramartinez@example.com,555-4567,Houston
Daniel White,danielwhite@example.com,555-8901,Atlanta
Amanda Taylor,amandataylor@example.com,555-1234,Denver
Kevin Rodriguez,kevinrodriguez@example.com,555-5678,Phoenix
Olivia Garcia,oliviagarcia@example.com,555-9012,Philadelphia
William Lopez,williamlopez@example.com,555-3456,Detroit
Sophia Hernandez,sophiahernandez@example.com,555-7890,Minneapolis
James Martinez,jamesmartinez@example.com,555-2345,Portland
Emma Nguyen,emnanguyen@example.com,555-6789,Orlando
Benjamin Kim,benjaminkim@example.com,555-0123,San Diego
Natalie Patel,nataliepatel@example.com,555-4567,Austin
Ethan Smith,ethansmith@example.com,555-8901,Charlotte
Isabella Brown,isabellabrown@example.com,555-1234,Las Vegas
Alexander Johnson,alexanderjohnson@example.com,,Nashville
Mia Williams,miawilliams@example.com,555-9012,New Orleans
Jacob Jones,jacobjones@example.com,555-3456,Seattle
Ava Davis,avadavis@example.com,555-7890,Chicago
Matthew Wilson,matthewwilson@example.com,555-2345,
Sofia Thomas,sofiathomas@example.com,555-6789,Atlanta
Christopher Garcia,christophergarcia@example.com,555-0123,Miami
Amelia Rodriguez,ameliarodriguez@example.com,555-4567,Los Angeles
Daniel Hernandez,danielhernandez@example.com,555-8901,New York
Ella Lopez,ellalopez@example.com,555-1234,San Francisco
Andrew Martinez,andrewmartinez@example.com,555-5678,Dallas
Madison Lee,madisonlee@example.com,555-9012,Houston
Joshua Taylor,joshuataylor@example.com,555-3456,Phoenix
Victoria Clark,victoriaclark@example.com,555-7890,Philadelphia
Ryan Kim,ryankim@example.com,555-2345,Detroit
Grace Patel,gracepatel@example.com,555-6789,Minneapolis
Nathan Nguyen,nathannnguyen@example.com,555-0123,Portland
Chloe Smith,chloesmith@example.com,555-4567,Orlando
Samuel Johnson,samueljohnson@example.com,555-8901,San Diego
Lily Brown,lilybrown@example.com,555-1234,Austin
Christian Wilson,christianwilson@example.com,555-5678,Charlotte
Hannah Davis,hannahdavis@example.com,555-9012,Las Vegas
Dylan Rodriguez,dylanrodriguez@example.com,555-3456,Nashville
Zoe Garcia,zoegarcia@example.com,555-7890,New Orleans
Caleb Williams,calebwilliams@example.com,555-2345,Seattle
Evelyn Jones,evelynjones@example.com,555-6789,Chicago